[
  {
    "order_id": "FBP000001",
    "created_at": "2026-01-12T17:54:16.536771",
    "status": "approved",
    "user_id": 6014150273,
    "username": "Pravatop001",
    "service_id": "zee5",
    "service_name": "Zee5 Premium",
    "plan_duration": "1 Year",
    "amount": 180.0,
    "payment_screenshot": "AgACAgUAAxkBAAPjaWU1c8wo4YYSKGy_bnY7r-asSoEAAt0NaxtIPilXdevsFVstskQBAAMCAAN5AAM4BA",
    "user_details": null
  },
  {
    "order_id": "FBP000002",
    "created_at": "2026-01-12T19:11:21.851753",
    "status": "cancelled",
    "user_id": 6014150273,
    "username": "Pravatop001",
    "service_id": "zee5",
    "service_name": "Zee5 Premium",
    "plan_duration": "1 Year",
    "amount": 180.0,
    "payment_screenshot": null,
    "user_details": null
  },
  {
    "order_id": "FBP000003",
    "created_at": "2026-01-12T21:32:27.659844",
    "status": "approved",
    "user_id": 6014150273,
    "username": "Pravatop001",
    "service_id": "youtube",
    "service_name": "YouTube Premium",
    "plan_duration": "1 Month",
    "amount": 0,
    "user_details": "Opk8ng@gmail.con"
  },
  {
    "order_id": "FBP000004",
    "created_at": "2026-01-12T21:49:50.022986",
    "status": "fulfillment",
    "user_id": 6014150273,
    "username": "Pravatop001",
    "service_id": "youtube",
    "service_name": "YouTube Premium",
    "plan_duration": "1 Month",
    "amount": 25.0,
    "payment_screenshot": "AgACAgUAAxkBAAIBn2llbKuF5mV078m07bhUvk-WM_teAAL6DWsbSD4pV0vumuwNvEC3AQADAgADeQADOAQ",
    "user_details": "/admin",
    "user_email": null,
    "activated_at": "2026-01-12T21:59:48.156607"
  },
  {
    "order_id": "FBP000005",
    "created_at": "2026-01-12T21:51:44.070443",
    "status": "cancelled",
    "user_id": 6014150273,
    "username": "Pravatop001",
    "service_id": "youtube",
    "service_name": "YouTube Premium",
    "plan_duration": "1 Month",
    "amount": 25.0,
    "payment_screenshot": null,
    "user_details": null
  },
  {
    "order_id": "FBP000006",
    "created_at": "2026-01-12T22:05:44.582794",
    "status": "approved",
    "user_id": 6014150273,
    "username": "Pravatop001",
    "service_id": "youtube",
    "service_name": "YouTube Premium",
    "plan_duration": "1 Month",
    "amount": 25.0,
    "payment_screenshot": "AgACAgUAAxkBAAIBzmllcFi60aN7aFaCpfbvIOHxLqBBAAL-DWsbSD4pV23jQrFcNWGEAQADAgADeQADOAQ",
    "user_details": null
  },
  {
    "order_id": "FBP000007",
    "created_at": "2026-01-12T22:14:15.381148",
    "status": "approved",
    "user_id": 6014150273,
    "username": "Pravatop001",
    "service_id": "youtube",
    "service_name": "YouTube Premium",
    "plan_duration": "1 Month",
    "amount": 25.0,
    "payment_screenshot": "AgACAgUAAxkBAAIBzmllcFi60aN7aFaCpfbvIOHxLqBBAAL-DWsbSD4pV23jQrFcNWGEAQADAgADeQADOAQ",
    "user_details": null
  },
  {
    "order_id": "FBP000008",
    "created_at": "2026-01-12T22:20:03.696255",
    "status": "expired",
    "user_id": 6014150273,
    "username": "Pravatop001",
    "service_id": "youtube",
    "service_name": "YouTube Premium",
    "plan_duration": "1 Month",
    "amount": 25.0,
    "payment_screenshot": null,
    "user_details": null
  },
  {
    "order_id": "FBP000009",
    "created_at": "2026-01-28T15:28:44.987117",
    "status": "approved",
    "user_id": 6014150273,
    "username": "Pravatop001",
    "service_id": "youtube",
    "service_name": "YouTube Premium",
    "plan_duration": "1 Month",
    "amount": 25.0,
    "payment_screenshot": "AgACAgUAAxkBAAIEd2l6FZxqxTBWy0GUdE41uEr5e9BfAAKnDWsb16_QV67yfI2suhoJAQADAgADeQADOAQ",
    "user_details": null
  },
  {
    "order_id": "FBP000010",
    "created_at": "2026-01-29T08:56:15.343023",
    "status": "expired",
    "user_id": 6014150273,
    "username": "Pravatop001",
    "service_id": "youtube",
    "service_name": "YouTube Premium",
    "plan_duration": "1 Month",
    "amount": 25.0,
    "payment_screenshot": null,
    "user_details": null
  },
  {
    "order_id": "FBP000011",
    "created_at": "2026-01-29T15:28:49.472529",
    "status": "approved",
    "user_id": 6014150273,
    "username": "Pravatop001",
    "service_id": "youtube",
    "service_name": "YouTube Premium",
    "plan_duration": "1 Month",
    "amount": 25.0,
    "payment_screenshot": "AgACAgUAAxkBAAIE02l7L2n_vb4jAraM4ngwvWdSSuqtAAKTDmsb16_YV4ZikvrKPhSHAQADAgADeQADOAQ",
    "user_details": null
  },
  {
    "order_id": "FBP000012",
    "created_at": "2026-01-29T16:25:10.114224",
    "status": "cancelled",
    "user_id": 6014150273,
    "username": "Pravatop001",
    "service_id": "youtube",
    "service_name": "YouTube Premium",
    "plan_duration": "1 Month",
    "amount": 25.0,
    "payment_screenshot": null,
    "user_details": null
  },
  {
    "order_id": "FBP000013",
    "created_at": "2026-01-29T17:50:38.141119",
    "status": "cancelled",
    "user_id": 6014150273,
    "username": "Pravatop001",
    "service_id": "youtube",
    "service_name": "YouTube Premium",
    "plan_duration": "1 Month",
    "amount": 25.0,
    "payment_screenshot": null,
    "user_details": null
  },
  {
    "order_id": "FBP000014",
    "created_at": "2026-01-29T18:03:13.121275",
    "status": "cancelled",
    "user_id": 6014150273,
    "username": "Pravatop001",
    "service_id": "sonyliv",
    "service_name": "SonyLIV Premium",
    "plan_duration": "1 Month",
    "amount": 49.0,
    "payment_screenshot": null,
    "user_details": null
  },
  {
    "order_id": "FBP000015",
    "created_at": "2026-01-29T18:54:07.790282",
    "status": "approved",
    "user_id": 5154770707,
    "username": "PravatGhosh",
    "service_id": "zee5",
    "service_name": "Zee5 Premium",
    "plan_duration": "1 Month",
    "amount": 49.0,
    "payment_screenshot": "AgACAgUAAxkBAAIFDGl7X5gE8jrYSB9E0lGEf4l728P3AAIQDmsbskrgV76Dl_dni7uvAQADAgADeQADOAQ",
    "user_details": null
  },
  {
    "order_id": "FBP000016",
    "created_at": "2026-01-29T19:54:25.330018",
    "status": "pending",
    "user_id": 6014150273,
    "username": "Pravatop001",
    "service_id": "youtube",
    "service_name": "YouTube Premium",
    "plan_duration": "1 Month",
    "amount": 25.0,
    "payment_screenshot": null,
    "user_details": null
  },
  {
    "order_id": "FBP000017",
    "created_at": "2026-01-29T19:55:27.782693",
    "status": "approved",
    "user_id": 6014150273,
    "username": "Pravatop001",
    "service_id": "youtube",
    "service_name": "YouTube Premium",
    "plan_duration": "1 Month",
    "amount": 25.0,
    "payment_screenshot": "AgACAgUAAxkBAAIFOGl7bfqGTM5POhackKHRBupaQQXKAAJFD2sb16_YV1GljHgUILkxAQADAgADeQADOAQ",
    "user_details": null
  },
  {
    "order_id": "FBP000018",
    "created_at": "2026-01-29T22:25:04.416917",
    "status": "cancelled",
    "user_id": 6014150273,
    "username": "Pravatop001",
    "service_id": "youtube",
    "service_name": "YouTube Premium",
    "plan_duration": "1 Month",
    "amount": 26.0,
    "payment_screenshot": "AgACAgUAAxkBAAIFpGl7kRTbUVk9HFrjm7yq0k1KtySeAAJyD2sb16_YV4vwiYpKRpnIAQADAgADeQADOAQ",
    "user_details": null
  },
  {
    "order_id": "FBP000019",
    "created_at": "2026-01-29T22:49:05.697239",
    "status": "rejected",
    "user_id": 6014150273,
    "username": "Pravatop001",
    "service_id": "spotify",
    "service_name": "Spotify Premium",
    "plan_duration": "1 Month",
    "amount": 29.0,
    "payment_screenshot": "AgACAgUAAxkBAAIF1Gl7lqI1g4cBy6LFDpSKdbDG3Lx2AAJ0D2sb16_YV9y4EMVWK5AEAQADAgADeQADOAQ",
    "user_details": null
  },
  {
    "order_id": "FBP000020",
    "created_at": "2026-01-29T22:55:35.611162",
    "status": "approved",
    "user_id": 5154770707,
    "username": "PravatGhosh",
    "service_id": "spotify",
    "service_name": "Spotify Premium",
    "plan_duration": "1 Month",
    "amount": 29.0,
    "payment_screenshot": "AgACAgUAAxkBAAIF6Wl7mBzT8Ujp2fx_HgP5ro9aoluzAAK1DGsbq-DhVxUQV3YkZMiVAQADAgADeQADOAQ",
    "user_details": null
  }
]