{
  "6014150273": {
    "user_id": 6014150273,
    "coins": 0.0,
    "total_referrals": 0,
    "total_earned": 0.0,
    "referred_by": null,
    "joined_at": "2026-01-12T16:41:05.223872",
    "purchases": [],
    "language": "en"
  },
  "5154770707": {
    "user_id": 5154770707,
    "coins": 0.0,
    "total_referrals": 0,
    "total_earned": 0.0,
    "referred_by": null,
    "joined_at": "2026-01-12T17:55:35.016281",
    "purchases": [
      {
        "order_id": "FBP000004",
        "amount": 25.0,
        "date": "2026-01-12T21:59:48.170278"
      }
    ],
    "language": "en",
    "email": null,
    "subscription_plan": "1 Month",
    "subscription_service": "YouTube Premium",
    "subscription_expiry": "2026-02-11T21:59:47.780638",
    "subscription_status": "active"
  },
  "12345": {
    "user_id": 12345,
    "coins": 0.0,
    "total_referrals": 0,
    "total_earned": 0.0,
    "referred_by": null,
    "joined_at": "2026-01-29T16:33:09.606974",
    "purchases": [],
    "language": "en",
    "email": null,
    "subscription_plan": null,
    "subscription_service": null,
    "subscription_expiry": null,
    "subscription_status": "none"
  },
  "0": {
    "user_id": 0,
    "coins": 0.0,
    "total_referrals": 0,
    "total_earned": 0.0,
    "referred_by": null,
    "joined_at": "2026-01-29T16:33:10.399438",
    "purchases": [],
    "language": "en",
    "email": null,
    "subscription_plan": null,
    "subscription_service": null,
    "subscription_expiry": null,
    "subscription_status": "none"
  },
  "1": {
    "user_id": 1,
    "coins": 0.0,
    "total_referrals": 0,
    "total_earned": 0.0,
    "referred_by": null,
    "joined_at": "2026-01-29T16:33:10.629414",
    "purchases": [],
    "language": "en",
    "email": null,
    "subscription_plan": null,
    "subscription_service": null,
    "subscription_expiry": null,
    "subscription_status": "none"
  },
  "2": {
    "user_id": 2,
    "coins": 0.0,
    "total_referrals": 0,
    "total_earned": 0.0,
    "referred_by": null,
    "joined_at": "2026-01-29T16:33:11.547850",
    "purchases": [],
    "language": "en",
    "email": null,
    "subscription_plan": null,
    "subscription_service": null,
    "subscription_expiry": null,
    "subscription_status": "none"
  },
  "3": {
    "user_id": 3,
    "coins": 0.0,
    "total_referrals": 0,
    "total_earned": 0.0,
    "referred_by": null,
    "joined_at": "2026-01-29T16:33:11.704584",
    "purchases": [],
    "language": "en",
    "email": null,
    "subscription_plan": null,
    "subscription_service": null,
    "subscription_expiry": null,
    "subscription_status": "none"
  },
  "4": {
    "user_id": 4,
    "coins": 0.0,
    "total_referrals": 0,
    "total_earned": 0.0,
    "referred_by": null,
    "joined_at": "2026-01-29T16:33:11.930169",
    "purchases": [],
    "language": "en",
    "email": null,
    "subscription_plan": null,
    "subscription_service": null,
    "subscription_expiry": null,
    "subscription_status": "none"
  },
  "5": {
    "user_id": 5,
    "coins": 0.0,
    "total_referrals": 0,
    "total_earned": 0.0,
    "referred_by": null,
    "joined_at": "2026-01-29T16:33:12.134745",
    "purchases": [],
    "language": "en",
    "email": null,
    "subscription_plan": null,
    "subscription_service": null,
    "subscription_expiry": null,
    "subscription_status": "none"
  },
  "6": {
    "user_id": 6,
    "coins": 0.0,
    "total_referrals": 0,
    "total_earned": 0.0,
    "referred_by": null,
    "joined_at": "2026-01-29T16:33:12.344216",
    "purchases": [],
    "language": "en",
    "email": null,
    "subscription_plan": null,
    "subscription_service": null,
    "subscription_expiry": null,
    "subscription_status": "none"
  },
  "7": {
    "user_id": 7,
    "coins": 0.0,
    "total_referrals": 0,
    "total_earned": 0.0,
    "referred_by": null,
    "joined_at": "2026-01-29T16:33:12.642061",
    "purchases": [],
    "language": "en",
    "email": null,
    "subscription_plan": null,
    "subscription_service": null,
    "subscription_expiry": null,
    "subscription_status": "none"
  },
  "8": {
    "user_id": 8,
    "coins": 0.0,
    "total_referrals": 0,
    "total_earned": 0.0,
    "referred_by": null,
    "joined_at": "2026-01-29T16:33:13.644483",
    "purchases": [],
    "language": "en",
    "email": null,
    "subscription_plan": null,
    "subscription_service": null,
    "subscription_expiry": null,
    "subscription_status": "none"
  },
  "9": {
    "user_id": 9,
    "coins": 0.0,
    "total_referrals": 0,
    "total_earned": 0.0,
    "referred_by": null,
    "joined_at": "2026-01-29T16:33:13.985299",
    "purchases": [],
    "language": "en",
    "email": null,
    "subscription_plan": null,
    "subscription_service": null,
    "subscription_expiry": null,
    "subscription_status": "none"
  },
  "10": {
    "user_id": 10,
    "coins": 0.0,
    "total_referrals": 0,
    "total_earned": 0.0,
    "referred_by": null,
    "joined_at": "2026-01-29T16:33:14.419369",
    "purchases": [],
    "language": "en",
    "email": null,
    "subscription_plan": null,
    "subscription_service": null,
    "subscription_expiry": null,
    "subscription_status": "none"
  },
  "11": {
    "user_id": 11,
    "coins": 0.0,
    "total_referrals": 0,
    "total_earned": 0.0,
    "referred_by": null,
    "joined_at": "2026-01-29T16:33:15.784573",
    "purchases": [],
    "language": "en",
    "email": null,
    "subscription_plan": null,
    "subscription_service": null,
    "subscription_expiry": null,
    "subscription_status": "none"
  },
  "12": {
    "user_id": 12,
    "coins": 0.0,
    "total_referrals": 0,
    "total_earned": 0.0,
    "referred_by": null,
    "joined_at": "2026-01-29T16:33:16.469126",
    "purchases": [],
    "language": "en",
    "email": null,
    "subscription_plan": null,
    "subscription_service": null,
    "subscription_expiry": null,
    "subscription_status": "none"
  },
  "13": {
    "user_id": 13,
    "coins": 0.0,
    "total_referrals": 0,
    "total_earned": 0.0,
    "referred_by": null,
    "joined_at": "2026-01-29T16:33:16.996460",
    "purchases": [],
    "language": "en",
    "email": null,
    "subscription_plan": null,
    "subscription_service": null,
    "subscription_expiry": null,
    "subscription_status": "none"
  },
  "14": {
    "user_id": 14,
    "coins": 0.0,
    "total_referrals": 0,
    "total_earned": 0.0,
    "referred_by": null,
    "joined_at": "2026-01-29T16:33:17.688826",
    "purchases": [],
    "language": "en",
    "email": null,
    "subscription_plan": null,
    "subscription_service": null,
    "subscription_expiry": null,
    "subscription_status": "none"
  },
  "15": {
    "user_id": 15,
    "coins": 0.0,
    "total_referrals": 0,
    "total_earned": 0.0,
    "referred_by": null,
    "joined_at": "2026-01-29T16:33:19.248359",
    "purchases": [],
    "language": "en",
    "email": null,
    "subscription_plan": null,
    "subscription_service": null,
    "subscription_expiry": null,
    "subscription_status": "none"
  },
  "16": {
    "user_id": 16,
    "coins": 0.0,
    "total_referrals": 0,
    "total_earned": 0.0,
    "referred_by": null,
    "joined_at": "2026-01-29T16:33:19.736629",
    "purchases": [],
    "language": "en",
    "email": null,
    "subscription_plan": null,
    "subscription_service": null,
    "subscription_expiry": null,
    "subscription_status": "none"
  },
  "17": {
    "user_id": 17,
    "coins": 0.0,
    "total_referrals": 0,
    "total_earned": 0.0,
    "referred_by": null,
    "joined_at": "2026-01-29T16:33:20.276657",
    "purchases": [],
    "language": "en",
    "email": null,
    "subscription_plan": null,
    "subscription_service": null,
    "subscription_expiry": null,
    "subscription_status": "none"
  },
  "18": {
    "user_id": 18,
    "coins": 0.0,
    "total_referrals": 0,
    "total_earned": 0.0,
    "referred_by": null,
    "joined_at": "2026-01-29T16:33:20.347947",
    "purchases": [],
    "language": "en",
    "email": null,
    "subscription_plan": null,
    "subscription_service": null,
    "subscription_expiry": null,
    "subscription_status": "none"
  },
  "19": {
    "user_id": 19,
    "coins": 0.0,
    "total_referrals": 0,
    "total_earned": 0.0,
    "referred_by": null,
    "joined_at": "2026-01-29T16:33:20.639443",
    "purchases": [],
    "language": "en",
    "email": null,
    "subscription_plan": null,
    "subscription_service": null,
    "subscription_expiry": null,
    "subscription_status": "none"
  }
}